{"cameraMode":{"drawMode":0,"name":"Shaded","section":"Shading Mode"},"sceneLighting":true,"audioPlay":false,"sceneViewState":{"showFog":true,"showMaterialUpdate":false,"showSkybox":true,"showFlares":true,"showImageEffects":true,"showParticleSystems":true,"showVisualEffectGraphs":true,"m_FxEnabled":true},"in2DMode":false,"pivot":{"x":17.206029891967775,"y":-11.36136245727539,"z":807.7322998046875},"rotation":{"x":-0.01701117306947708,"y":0.08297619223594666,"z":-0.005640022456645966,"w":-0.9967820644378662},"size":138.99742126464845,"orthographic":false}